Subregión,Municipio,Nombre Programa,Número de Soluciones,Estado del Proyecto,N° Convenio,Fecha
AMVA,Barbosa,Antioquia se Pinta de Vida,1,Ejecutado,CI-210-2020,2020-10-23T00:00:00.000
AMVA,Barbosa,Capacitación Técnica y Social,1,Ejecutado,N/A,N/A
AMVA,Barbosa,Mejoramiento de Vivienda,600,En ejecución,CI-791-2021,2021-12-29T00:00:00.000
AMVA,Barbosa,Titulación y/o Legalización,6,Ejecutado,MVCT-1047-2020,2020-09-30T00:00:00.000
AMVA,Bello,Capacitación Técnica y Social,1,Ejecutado,N/A,N/A
AMVA,Bello,Mejoramiento de Vivienda Urbana,380,En ejecución,017-2020,2020-10-30T00:00:00.000
AMVA,Bello,Titulación y/o Legalización,30,Ejecutado,MVCT-852-2020,2020-09-30T00:00:00.000
AMVA,Bello,Vivienda Nueva Urbana,10,En ejecución,CI-568-2021,2021-12-15T00:00:00.000
AMVA,Caldas,Antioquia se Pinta de Vida,1,Ejecutado,CI-590-2021,2021-12-09T00:00:00.000
AMVA,Caldas,Capacitación Técnica y Social,1,Ejecutado,N/A,N/A
AMVA,Caldas,Mejoramiento de Vivienda,90,En ejecución,CI-680-2021,2021-12-01T00:00:00.000
AMVA,Caldas,Titulación y/o Legalización,13,Ejecutado,MVCT-970-2020,2020-09-30T00:00:00.000
AMVA,Copacabana,Capacitación Técnica y Social,1,Ejecutado,N/A,N/A
AMVA,Copacabana,Mejoramiento de Vivienda,55,En ejecución,CI-778-2021,2021-12-01T00:00:00.000
AMVA,Copacabana,Mejoramiento de Vivienda,50,SGR - Ejecución,CI-782-2021,2021-11-26T00:00:00.000
AMVA,Copacabana,Mejoramiento de Vivienda Rural,1,En ejecución,CA-348-2020,2020-12-31T00:00:00.000
AMVA,Copacabana,Titulación y/o Legalización,4,Ejecutado,N/A,N/A
AMVA,Envigado,Capacitación Técnica y Social,1,Ejecutado,N/A,N/A
AMVA,Envigado,Titulación y/o Legalización,9,Ejecutado,N/A,N/A
AMVA,Envigado,Vivienda Nueva Urbana,135,Ejecutado,CI-453-2021,2021-08-10T00:00:00.000
AMVA,Envigado,Vivienda Nueva Urbana,135,En ejecución,CI-530-2021,2021-12-13T00:00:00.000
AMVA,Girardota,Titulación y/o Legalización,6,Ejecutado,N/A,N/A
AMVA,Itagüí,Antioquia se Pinta de Vida,1,En ejecución,CI-110-2022,2022-07-18T00:00:00.000
AMVA,Itagüí,Capacitación Técnica y Social,1,Ejecutado,N/A,N/A
AMVA,Itagüí,Mejoramiento de Vivienda Urbana,380,En ejecución,018-2020,2020-11-30T00:00:00.000
AMVA,Itagüí,Titulación y/o Legalización,36,Ejecutado,N/A,N/A
AMVA,La Estrella,Antioquia se Pinta de Vida,1,Ejecutado,CI-425-2021,2021-08-11T00:00:00.000
AMVA,La Estrella,Capacitación Técnica y Social,1,Ejecutado,N/A,N/A
AMVA,La Estrella,Mejoramiento de Vivienda,200,En ejecución,CI-792-2021,2021-12-15T00:00:00.000
AMVA,La Estrella,Mejoramiento de Vivienda Urbana,324,En ejecución,016-2020,2020-10-30T00:00:00.000
AMVA,La Estrella,Titulación y/o Legalización,101,Ejecutado,MVCT-969-2020,2020-09-30T00:00:00.000
AMVA,La Estrella,Vivienda Nueva Urbana,33,En ejecución,CI-531-2021,2021-12-01T00:00:00.000
AMVA,La Estrella,Vivienda Nueva Urbana,72,En ejecución,CI-404-2020,2020-12-28T00:00:00.000
AMVA,Medellín,Capacitación Técnica y Social,1,Ejecutado,N/A,N/A
AMVA,Medellín,Mejoramiento de Vivienda Urbana,790,En ejecución,CI-455-2021,2021-08-11T00:00:00.000
AMVA,Medellín,Mejoramiento de Vivienda Urbana,1,En ejecución,CA-349-2020,2020-12-31T00:00:00.000
AMVA,Medellín,Titulación y/o Legalización,"1,142",Ejecutado,MVCT-0689-2021,2020-10-02T00:00:00.000
AMVA,Medellín,Vivienda Nueva Urbana,94,En ejecución,CI-617-2021,2021-11-04T00:00:00.000
AMVA,Medellín,Vivienda Nueva Urbana,500,En ejecución,CA-650-2021,2021-12-01T00:00:00.000
AMVA,Medellín,Vivienda Nueva Urbana,181,En ejecución,CA-633-2021,2021-12-01T00:00:00.000
AMVA,Medellín,Vivienda Nueva Urbana,202,En ejecución,CA-803-2021,2021-12-31T00:00:00.000
AMVA,Medellín,Vivienda Nueva Urbana,106,En ejecución,CA-81-2022,2022-01-25T00:00:00.000
AMVA,Sabaneta,Antioquia se Pinta de Vida,1,Ejecutado,CI-450-2021,2021-09-02T00:00:00.000
AMVA,Sabaneta,Capacitación Técnica y Social,1,Ejecutado,N/A,N/A
AMVA,Sabaneta,Mejoramiento de Vivienda Urbana,200,Ejecutado,CI-155-2020,2020-10-09T00:00:00.000
AMVA,Sabaneta,Mejoramiento de Vivienda Urbana,130,En ejecución,CI-574-2021,2021-12-09T00:00:00.000
AMVA,Sabaneta,Titulación y/o Legalización,2,Ejecutado,N/A,N/A
AMVA,Sabaneta,Vivienda Nueva Urbana,137,En ejecución,CI-72-2020,2020-08-06T00:00:00.000
Bajo Cauca,Cáceres,Antioquia se Pinta de Vida,1,Ejecutado,CI-217-2021,2021-04-15T00:00:00.000
Bajo Cauca,Cáceres,Capacitación Técnica y Social,1,Ejecutado,N/A,N/A
Bajo Cauca,Cáceres,Titulación y/o Legalización,0,En ejecución,MVCT-755-2021,2020-10-02T00:00:00.000
Bajo Cauca,Caucasia,Antioquia se Pinta de Vida,1,Ejecutado,CI-578-2021,2021-12-09T00:00:00.000
Bajo Cauca,Caucasia,Capacitación Técnica y Social,1,Ejecutado,N/A,N/A
Bajo Cauca,Caucasia,Mejoramiento de Vivienda Rural,60,SGR - Estudios y diseños,CI-772-2021,2021-11-12T00:00:00.000
Bajo Cauca,Caucasia,Mejoramiento de Vivienda Urbana,60,SGR - Estudios y diseños,CI-549-2021,2021-11-12T00:00:00.000
Bajo Cauca,Caucasia,Titulación y/o Legalización,17,Ejecutado,N/A,N/A
Bajo Cauca,Caucasia,Vivienda Nueva Urbana,287,En ejecución,CI-153-2021,2021-04-28T00:00:00.000
Bajo Cauca,Caucasia,Vivienda Nueva Urbana,50,N/A,N/A,N/A
Bajo Cauca,El Bagre,Antioquia se Pinta de Vida,1,Ejecutado,CI-582-2021,2021-12-09T00:00:00.000
Bajo Cauca,El Bagre,Capacitación Técnica y Social,1,Ejecutado,N/A,N/A
Bajo Cauca,El Bagre,Mejoramiento de Vivienda Urbana,52,En ejecución,CI-728-2021,2021-12-01T00:00:00.000
Bajo Cauca,El Bagre,Titulación y/o Legalización,1,Ejecutado,MVCT-1030-2020,2020-10-22T00:00:00.000
Bajo Cauca,El Bagre,Vivienda Nueva Rural,200,N/A,N/A,N/A
Bajo Cauca,Nechí,Antioquia se Pinta de Vida,1,Ejecutado,CI-221-2021,2021-04-15T00:00:00.000
Bajo Cauca,Nechí,Capacitación Técnica y Social,1,Ejecutado,N/A,N/A
Bajo Cauca,Nechí,Mejoramiento de Vivienda,100,SGR - Ejecución,CI-744-2021,2021-12-01T00:00:00.000
Bajo Cauca,Nechí,Mejoramiento de Vivienda Rural,94,En ejecución,CI-618-2021,2021-12-01T00:00:00.000
Bajo Cauca,Nechí,Mejoramiento de Vivienda Urbana,30,En ejecución,CI-654-2021,2021-12-07T00:00:00.000
Bajo Cauca,Nechí,Titulación y/o Legalización,0,En ejecución,MVCT-856-2020,2020-09-30T00:00:00.000
Bajo Cauca,Nechí,Vivienda Nueva Rural,30,SGR - Estudios y diseños,CI-551-2021,2021-11-10T00:00:00.000
Bajo Cauca,Nechí,Vivienda Nueva Urbana,50,SGR - Estudios y diseños,CI-550-2021,2021-11-10T00:00:00.000
Bajo Cauca,Tarazá,Antioquia se Pinta de Vida,1,En ejecución,CI-133-2022,2022-08-09T00:00:00.000
Bajo Cauca,Tarazá,Mejoramiento de Vivienda Rural,150,SGR - Estudios y diseños,CI-772-2021,2021-11-12T00:00:00.000
Bajo Cauca,Tarazá,Mejoramiento de Vivienda Urbana,150,SGR - Estudios y diseños,CI-549-2021,2021-11-12T00:00:00.000
Bajo Cauca,Tarazá,Vivienda Nueva Urbana,520,N/A,N/A,N/A
Bajo Cauca,Zaragoza,Antioquia se Pinta de Vida,1,Ejecutado,CI-223-2021,2021-04-20T00:00:00.000
Bajo Cauca,Zaragoza,Capacitación Técnica y Social,1,Ejecutado,N/A,N/A
Bajo Cauca,Zaragoza,Mejoramiento de Vivienda,160,SGR - Ejecución,CI-744-2021,2021-12-01T00:00:00.000
Bajo Cauca,Zaragoza,Mejoramiento de Vivienda,79,En ejecución,CI-679-2021,2021-12-01T00:00:00.000
Bajo Cauca,Zaragoza,Mejoramiento de Vivienda Rural,150,SGR - Estudios y diseños,CI-549-2021,2021-11-12T00:00:00.000
Bajo Cauca,Zaragoza,Mejoramiento de Vivienda Rural,150,SGR - Estudios y diseños,CI-772-2021,2021-11-12T00:00:00.000
Bajo Cauca,Zaragoza,Titulación y/o Legalización,0,En ejecución,MVCT-983-2020,2020-09-30T00:00:00.000
Bajo Cauca,Zaragoza,Vivienda Nueva Rural,40,SGR - Estudios y diseños,CI-551-2021,2021-11-10T00:00:00.000
Bajo Cauca,Zaragoza,Vivienda Nueva Urbana,30,SGR - Estudios y diseños,CI-550-2021,2021-11-10T00:00:00.000
Magdalena Medio,Caracolí,Antioquia se Pinta de Vida,1,Ejecutado,CI-577-2021,2021-12-09T00:00:00.000
Magdalena Medio,Caracolí,Capacitación Técnica y Social,1,Ejecutado,N/A,N/A
Magdalena Medio,Caracolí,Mejoramiento de Vivienda,62,En ejecución,CI-678-2021,2021-12-01T00:00:00.000
Magdalena Medio,Caracolí,Titulación y/o Legalización,75,Ejecutado,MVCT-853-2020,2020-09-30T00:00:00.000
Magdalena Medio,Caracolí,Vivienda Nueva Rural,50,N/A,N/A,N/A
Magdalena Medio,Caracolí,Vivienda Nueva Urbana,50,N/A,N/A,N/A
Magdalena Medio,Caracolí,Mejoramiento de Vivienda Rural,14,SGR - Formulación y estructuración,CI-419-2020,2020-12-30T00:00:00.000
Magdalena Medio,Maceo,Antioquia se Pinta de Vida,1,En ejecución,CI-120-2022,2022-07-18T00:00:00.000
Magdalena Medio,Maceo,Capacitación Técnica y Social,1,Ejecutado,N/A,N/A
Magdalena Medio,Maceo,Mejoramiento de Vivienda,84,En ejecución,CI-659-2021,2021-12-01T00:00:00.000
Magdalena Medio,Maceo,Mejoramiento de Vivienda,50,SGR - Ejecución,CI-741-2021,2021-11-10T00:00:00.000
Magdalena Medio,Maceo,Titulación y/o Legalización,10,Ejecutado,N/A,N/A
Magdalena Medio,Puerto Berrío,Antioquia se Pinta de Vida,1,Ejecutado,CI-592-2021,2021-12-09T00:00:00.000
Magdalena Medio,Puerto Berrío,Capacitación Técnica y Social,1,Ejecutado,N/A,N/A
Magdalena Medio,Puerto Berrío,Mejoramiento de Vivienda,65,En ejecución,CI-663-2021,2021-12-13T00:00:00.000
Magdalena Medio,Puerto Berrío,Mejoramiento de Vivienda Urbana,191,En ejecución,CI-641-2021,2021-12-09T00:00:00.000
Magdalena Medio,Puerto Berrío,Mejoramiento de Vivienda Urbana,50,SGR - Ejecución,CI-741-2021,2021-11-10T00:00:00.000
Magdalena Medio,Puerto Berrío,Titulación y/o Legalización,238,Ejecutado,MVCT-1045-2020,2020-09-30T00:00:00.000
Magdalena Medio,Puerto Berrío,Vivienda Nueva Rural,13,N/A,N/A,N/A
Magdalena Medio,Puerto Berrío,Vivienda Nueva Rural,30,N/A,N/A,N/A
Magdalena Medio,Puerto Nare,Antioquia se Pinta de Vida,1,En ejecución,CI-134-2022,2022-07-26T00:00:00.000
Magdalena Medio,Puerto Nare,Capacitación Técnica y Social,1,Ejecutado,N/A,N/A
Magdalena Medio,Puerto Nare,Mejoramiento de Vivienda,70,SGR - Estudios y diseños,CI-502-2021,2021-11-10T00:00:00.000
Magdalena Medio,Puerto Nare,Mejoramiento de Vivienda Urbana,230,En ejecución,CI-685-2021,2021-12-13T00:00:00.000
Magdalena Medio,Puerto Nare,Titulación y/o Legalización,56,Ejecutado,MVCT-855-2020,2020-09-30T00:00:00.000
Magdalena Medio,Puerto Nare,Vivienda Nueva,50,SGR - Viabilización y aprobación,CI-434-2021,2021-11-10T00:00:00.000
Magdalena Medio,Puerto Triunfo,Antioquia se Pinta de Vida,1,Ejecutado,CI-593-2021,2021-12-09T00:00:00.000
Magdalena Medio,Puerto Triunfo,Capacitación Técnica y Social,1,Ejecutado,N/A,N/A
Magdalena Medio,Puerto Triunfo,Intervenciones Urbanas Intregales,1,En ejecución,CI-545-2021,2021-12-01T00:00:00.000
Magdalena Medio,Puerto Triunfo,Mejoramiento de Vivienda,50,SGR - Ejecución,CI-741-2021,2021-11-10T00:00:00.000
Magdalena Medio,Puerto Triunfo,Mejoramiento de Vivienda Rural,37,En ejecución,CI-619-2021,2021-12-01T00:00:00.000
Magdalena Medio,Puerto Triunfo,Mejoramiento de Vivienda Urbana,83,En ejecución,CI-662-2021,2021-12-01T00:00:00.000
Magdalena Medio,Puerto Triunfo,Vivienda Nueva Urbana,60,En ejecución,CI-573-2021,2021-12-01T00:00:00.000
Magdalena Medio,Yondó,Antioquia se Pinta de Vida,1,En ejecución,CI-145-2022,2022-08-23T00:00:00.000
Magdalena Medio,Yondó,Capacitación Técnica y Social,1,Ejecutado,N/A,N/A
Magdalena Medio,Yondó,Titulación y/o Legalización,204,Ejecutado,N/A,N/A
Magdalena Medio,Yondó,Vivienda Nueva,60,SGR - Viabilización y aprobación,CI-434-2021,2021-11-10T00:00:00.000
Magdalena Medio,Yondó,Vivienda Nueva Rural,100,SGR - Viabilización y aprobación,CI-436-2021,2021-11-10T00:00:00.000
Magdalena Medio,Yondó,Vivienda Nueva Urbana,60,N/A,N/A,N/A
Múltiples,Múltiples,Mejoramiento de Vivienda Rural,31,En ejecución,CA-348-2020,2020-12-31T00:00:00.000
Múltiples,Múltiples,Mejoramiento de Vivienda Urbana,6,En ejecución,CA-349-2020,2020-12-31T00:00:00.000
Múltiples,Múltiples,0,0.907,En ejecución,N/A,N/A
Múltiples,Múltiples,Vivienda Nueva Rural,45,En ejecución,CI-350-2020,2020-12-30T00:00:00.000
Nordeste,Amalfi,Antioquia se Pinta de Vida,1,Ejecutado,CI-472-2021,2021-09-22T00:00:00.000
Nordeste,Amalfi,Capacitación Técnica y Social,1,Ejecutado,N/A,N/A
Nordeste,Amalfi,Mejoramiento de Vivienda,200,En ejecución,CI-788-2021,2021-12-09T00:00:00.000
Nordeste,Amalfi,Mejoramiento de Vivienda Rural,48,En ejecución,CI-609-2021,2021-12-07T00:00:00.000
Nordeste,Amalfi,Mejoramiento de Vivienda Urbana,96,En ejecución,CI-567-2021,2021-12-07T00:00:00.000
Nordeste,Amalfi,Titulación y/o Legalización,26,Ejecutado,MVCT-999-2020,2020-10-02T00:00:00.000
Nordeste,Anorí,Antioquia se Pinta de Vida,1,En ejecución,CI-111-2022,2022-07-18T00:00:00.000
Nordeste,Anorí,Mejoramiento de Vivienda,106,En ejecución,CI-713-2021,2021-12-13T00:00:00.000
Nordeste,Anorí,Titulación y/o Legalización,14,Ejecutado,N/A,N/A
Nordeste,Cisneros,Antioquia se Pinta de Vida,1,Ejecutado,CI-211-2020,2020-10-09T00:00:00.000
Nordeste,Cisneros,Capacitación Técnica y Social,1,Ejecutado,N/A,N/A
Nordeste,Cisneros,Mejoramiento de Vivienda,60,SGR - Ejecución,CI-754-2021,2021-11-10T00:00:00.000
Nordeste,Cisneros,Mejoramiento de Vivienda,114,En ejecución,CI-738-2021,2021-12-01T00:00:00.000
Nordeste,Cisneros,Mejoramiento de Vivienda Urbana,42,En ejecución,CI-407-2021,2021-07-29T00:00:00.000
Nordeste,Cisneros,Titulación y/o Legalización,22,Ejecutado,MVCT-959-2020,2020-09-28T00:00:00.000
Nordeste,Remedios,Antioquia se Pinta de Vida,1,En ejecución,CI-113-2022,2022-07-18T00:00:00.000
Nordeste,Remedios,Mejoramiento de Vivienda,58,En ejecución,CI-706-2021,2021-11-30T00:00:00.000
Nordeste,Remedios,Mejoramiento de Vivienda,60,SGR - Ejecución,CI-742-2021,2021-11-12T00:00:00.000
Nordeste,Remedios,Titulación y/o Legalización,59,Ejecutado,MVCT-969-2020,2020-09-30T00:00:00.000
Nordeste,San Roque,Capacitación Técnica y Social,1,Ejecutado,N/A,N/A
Nordeste,San Roque,Mejoramiento de Vivienda,60,SGR - Ejecución,CI-754-2021,2021-11-10T00:00:00.000
Nordeste,San Roque,Titulación y/o Legalización,0,En ejecución,N/A,N/A
Nordeste,San Roque,Vivienda Nueva Urbana,80,En ejecución,CI-155-2021,2021-05-04T00:00:00.000
Nordeste,Santo Domingo,Antioquia se Pinta de Vida,1,Ejecutado,CI-414-2021,2021-08-18T00:00:00.000
Nordeste,Santo Domingo,Capacitación Técnica y Social,1,Ejecutado,N/A,N/A
Nordeste,Santo Domingo,Mejoramiento de Vivienda,107,En ejecución,CI-690-2021,2021-12-01T00:00:00.000
Nordeste,Santo Domingo,Mejoramiento de Vivienda,60,SGR - Ejecución,CI-754-2021,2021-11-10T00:00:00.000
Nordeste,Santo Domingo,Titulación y/o Legalización,55,Ejecutado,MVCT-998-2020,2020-09-30T00:00:00.000
Nordeste,Segovia,Capacitación Técnica y Social,1,Ejecutado,N/A,N/A
Nordeste,Segovia,Mejoramiento de Vivienda Urbana,65,En ejecución,CI-683-2021,2021-12-01T00:00:00.000
Nordeste,Segovia,Titulación y/o Legalización,112,Ejecutado,N/A,N/A
Nordeste,Vegachí,Antioquia se Pinta de Vida,1,Ejecutado,CI-167-2021,2021-04-26T00:00:00.000
Nordeste,Vegachí,Capacitación Técnica y Social,1,Ejecutado,N/A,N/A
Nordeste,Vegachí,Mejoramiento de Vivienda,214,En ejecución,CI-709-2021,2021-12-01T00:00:00.000
Nordeste,Vegachí,Mejoramiento de Vivienda,60,SGR - Ejecución,CI-742-2021,2021-11-12T00:00:00.000
Nordeste,Vegachí,Vivienda Nueva Rural,10,En ejecución,CA-765-2021,2022-01-20T00:00:00.000
Nordeste,Vegachí,Vivienda Nueva Urbana,204,En ejecución,CI-564-2021,2021-12-15T00:00:00.000
Nordeste,Yalí,Antioquia se Pinta de Vida,1,En ejecución,CI-115-2022,2022-07-18T00:00:00.000
Nordeste,Yalí,Mejoramiento de Vivienda,119,En ejecución,CI-705-2021,2021-12-01T00:00:00.000
Nordeste,Yalí,Titulación y/o Legalización,7,Ejecutado,MVCT-1093-2020,2020-10-02T00:00:00.000
Nordeste,Yolombó,Antioquia se Pinta de Vida,1,Ejecutado,CI-222-2021,2021-04-22T00:00:00.000
Nordeste,Yolombó,Capacitación Técnica y Social,1,Ejecutado,N/A,N/A
Nordeste,Yolombó,Mejoramiento de Vivienda,60,SGR - Ejecución,CI-742-2021,2021-11-12T00:00:00.000
Nordeste,Yolombó,Mejoramiento de Vivienda Urbana,68,En ejecución,CI-708-2021,2021-12-01T00:00:00.000
Nordeste,Yolombó,Titulación y/o Legalización,9,Ejecutado,N/A,N/A
Nordeste,Yolombó,Vivienda Nueva Rural,40,SGR - Viabilización y aprobación,CI-434-2021,2021-11-10T00:00:00.000
Nordeste,Yolombó,Vivienda Nueva Rural,40,SGR - Formulación y estructuración,CI-435-2021,2021-11-10T00:00:00.000
Norte,Angostura,Antioquia se Pinta de Vida,1,Ejecutado,CI-473-2021,2021-09-30T00:00:00.000
Norte,Angostura,Capacitación Técnica y Social,1,Ejecutado,N/A,N/A
Norte,Angostura,Mejoramiento de Vivienda,90,SGR - Ejecución,CI-750-2021,2021-11-11T00:00:00.000
Norte,Angostura,Mejoramiento de Vivienda Rural,257,En ejecución,CI-784-2021,2021-12-07T00:00:00.000
Norte,Angostura,Titulación y/o Legalización,17,Ejecutado,MVCT-1043-2020,2020-09-30T00:00:00.000
Norte,Angostura,Mejoramiento de Vivienda,50,SGR - Formulación y estructuración,CI-501-2021,2021-12-01T00:00:00.000
Norte,Belmira,Capacitación Técnica y Social,1,Ejecutado,N/A,N/A
Norte,Belmira,Mejoramiento de Vivienda Rural,30,En ejecución,CI-597-2021,2021-12-01T00:00:00.000
Norte,Belmira,Mejoramiento de Vivienda Urbana,24,En ejecución,CI-598-2021,2021-12-01T00:00:00.000
Norte,Belmira,Titulación y/o Legalización,0,En ejecución,MVCT-982-2020,2020-09-29T00:00:00.000
Norte,Angostura,Vivienda Nueva Rural,40,SGR - Formulación y estructuración,CI-503-2021,2021-11-10T00:00:00.000
Norte,Belmira,Vivienda Nueva Rural,40,SGR - Formulación y estructuración,CI-503-2021,2021-11-10T00:00:00.000
Norte,Briceño,Antioquia se Pinta de Vida,1,Ejecutado,CI-166-2021,2021-04-30T00:00:00.000
Norte,Briceño,Capacitación Técnica y Social,1,Ejecutado,N/A,N/A
Norte,Briceño,Mejoramiento de Vivienda,32,En ejecución,CI-695-2021,2021-12-01T00:00:00.000
Norte,Briceño,Mejoramiento de Vivienda Rural,35,En ejecución,CI-600-2021,2021-12-01T00:00:00.000
Norte,Briceño,Titulación y/o Legalización,11,Ejecutado,MVCT-962-2020,2020-09-30T00:00:00.000
Norte,Campamento,Antioquia se Pinta de Vida,1,Ejecutado,CI-109-2022,2022-07-18T00:00:00.000
Norte,Campamento,Capacitación Técnica y Social,1,Ejecutado,N/A,N/A
Norte,Campamento,Mejoramiento de Vivienda,51,En ejecución,CI-700-2021,2021-12-01T00:00:00.000
Norte,Campamento,Mejoramiento de Vivienda,50,SGR - Formulación y estructuración,CI-501-2021,2021-12-01T00:00:00.000
Norte,Campamento,Vivienda Nueva Rural,50,N/A,N/A,N/A
Norte,Campamento,Vivienda Nueva Rural,50,SGR - Formulación y estructuración,CI-503-2021,2021-11-10T00:00:00.000
Norte,Carolina,Antioquia se Pinta de Vida,1,Ejecutado,CI-423-2021,2021-08-18T00:00:00.000
Norte,Carolina,Capacitación Técnica y Social,1,Ejecutado,N/A,N/A
Norte,Carolina,Mejoramiento de Vivienda,20,SGR - Ejecución,CI-750-2021,2021-11-11T00:00:00.000
Norte,Carolina,Mejoramiento de Vivienda Urbana,43,En ejecución,CI-611-2021,2021-12-07T00:00:00.000
Norte,Carolina,Titulación y/o Legalización,0,En ejecución,MVCT-961-2020,2020-08-28T00:00:00.000
Norte,Carolina,Vivienda Nueva Rural,10,En ejecución,CA-113-2021,2021-03-15T00:00:00.000
Norte,Carolina,Mejoramiento de Vivienda,50,SGR - Formulación y estructuración,CI-501-2021,2021-12-01T00:00:00.000
Norte,Donmatías,Antioquia se Pinta de Vida,1,Ejecutado,CI-260-2020,2020-10-22T00:00:00.000
Norte,Donmatías,Capacitación Técnica y Social,1,Ejecutado,N/A,N/A
Norte,Donmatías,Mejoramiento de Vivienda,39,En ejecución,CI-693-2021,2021-12-01T00:00:00.000
Norte,Donmatías,Mejoramiento de Vivienda Rural,16,Ejecutado,CI-368-2020,2020-12-28T00:00:00.000
Norte,Donmatías,Mejoramiento de Vivienda Rural,1,En ejecución,CA-348-2020,2020-12-31T00:00:00.000
Norte,Donmatías,Titulación y/o Legalización,132,Ejecutado,MVCT-758-2021,2020-10-02T00:00:00.000
Norte,Entrerríos,Antioquia se Pinta de Vida,1,Ejecutado,CI-583-2021,2021-12-09T00:00:00.000
Norte,Entrerríos,Capacitación Técnica y Social,1,Ejecutado,N/A,N/A
Norte,Entrerríos,Mejoramiento de Vivienda Rural,50,En ejecución,CI-382-2020,2020-12-31T00:00:00.000
Norte,Entrerríos,Mejoramiento de Vivienda Rural,130,En ejecución,CI-621-2021,2021-12-13T00:00:00.000
Norte,Entrerríos,Mejoramiento de Vivienda Urbana,100,En ejecución,CI-612-2021,2021-12-09T00:00:00.000
Norte,Entrerríos,Vivienda Nueva Rural,70,N/A,N/A,N/A
Norte,Entrerríos,Vivienda Nueva Urbana,104,En ejecución,CI-557-2021,2021-12-07T00:00:00.000
Norte,Gómez Plata,Antioquia se Pinta de Vida,1,Ejecutado,CI-424-2021,2021-08-23T00:00:00.000
Norte,Gómez Plata,Capacitación Técnica y Social,1,Ejecutado,N/A,N/A
Norte,Gómez Plata,Titulación y/o Legalización,1,Ejecutado,N/A,N/A
Norte,Gómez Plata,Vivienda Nueva Urbana,50,N/A,N/A,N/A
Norte,Guadalupe,Antioquia se Pinta de Vida,1,Ejecutado,CI-108-2022,2022-07-18T00:00:00.000
Norte,Gómez Plata,Mejoramiento de Vivienda Rural,50,SGR - Formulación y estructuración,CI-501-2021,2021-12-01T00:00:00.000
Norte,Guadalupe,Mejoramiento de Vivienda Rural,100,En ejecución,CI-380-2020,2020-12-31T00:00:00.000
Norte,Guadalupe,Mejoramiento de Vivienda,50,SGR - Formulación y estructuración,CI-501-2021,2021-12-01T00:00:00.000
Norte,Ituango,Antioquia se Pinta de Vida,1,Ejecutado,CI-295-2020,2020-11-03T00:00:00.000
Norte,Ituango,Capacitación Técnica y Social,1,Ejecutado,N/A,N/A
Norte,Ituango,Mejoramiento de Vivienda,193,En ejecución,CI-688-2021,2021-12-09T00:00:00.000
Norte,Ituango,Mejoramiento de Vivienda,17,En ejecución,CA-66-2022,2022-01-28T00:00:00.000
Norte,Ituango,Mejoramiento de Vivienda Rural,21,En ejecución,CI-639-2021,2021-12-01T00:00:00.000
Norte,Ituango,Titulación y/o Legalización,328,Ejecutado,MVCT-965-2020,2020-09-30T00:00:00.000
Norte,Ituango,Vivienda Nueva Urbana,18,En ejecución,CI-544-2021,2021-12-01T00:00:00.000
Norte,Ituango,Vivienda Nueva Urbana,40,En ejecución,CI-542-2021,2021-12-01T00:00:00.000
Norte,Ituango,Vivienda Nueva Urbana,40,En ejecución,CI-543-2021,2021-12-07T00:00:00.000
Norte,Guadalupe,Vivienda Nueva Rural,50,SGR - Formulación y estructuración,CI-503-2021,2021-11-10T00:00:00.000
Norte,San Andrés de Cuerquia,Antioquia se Pinta de Vida,1,Ejecutado,CI-426-2021,2021-08-23T00:00:00.000
Norte,San Andrés de Cuerquia,Capacitación Técnica y Social,1,Ejecutado,N/A,N/A
Norte,San Andrés de Cuerquia,Mejoramiento de Vivienda,34,En ejecución,CI-689-2021,2021-12-01T00:00:00.000
Norte,San Andrés de Cuerquia,Titulación y/o Legalización,1,Ejecutado,N/A,N/A
Norte,San Andrés de Cuerquia,Vivienda Nueva Urbana,100,N/A,N/A,N/A
Norte,San José de la Montaña,Antioquia se Pinta de Vida,1,Ejecutado,CI-212-2020,2020-10-09T00:00:00.000
Norte,San José de la Montaña,Capacitación Técnica y Social,1,Ejecutado,N/A,N/A
Norte,San José de la Montaña,Mejoramiento de Vivienda,76,En ejecución,CI-655-2021,2021-12-01T00:00:00.000
Norte,San José de la Montaña,Titulación y/o Legalización,57,Ejecutado,N/A,N/A
Norte,San José de la Montaña,Vivienda Nueva Urbana,60,En ejecución,CI-532-2021,2021-12-01T00:00:00.000
Norte,San Pedro de los Milagros,Antioquia se Pinta de Vida,1,Ejecutado,CI-114-2022,2022-07-18T00:00:00.000
Norte,San Pedro de los Milagros,Capacitación Técnica y Social,1,Ejecutado,N/A,N/A
Norte,San Pedro de los Milagros,Mejoramiento de Vivienda,61,En ejecución,CI-666-2021,2021-12-01T00:00:00.000
Norte,San Pedro de los Milagros,Mejoramiento de Vivienda Rural,30,En ejecución,CI-395-2021,2021-07-12T00:00:00.000
Norte,San Pedro de los Milagros,Titulación y/o Legalización,2,Ejecutado,MVCT-980-2020,2020-09-30T00:00:00.000
Norte,Santa Rosa de Osos,Capacitación Técnica y Social,1,Ejecutado,N/A,N/A
Norte,Santa Rosa de Osos,Mejoramiento de Vivienda,138,En ejecución,CI-676-2021,2021-12-01T00:00:00.000
Norte,Santa Rosa de Osos,Mejoramiento de Vivienda,40,SGR - Ejecución,CI-749-2021,2021-11-25T00:00:00.000
Norte,Santa Rosa de Osos,Mejoramiento de Vivienda Rural,1,En ejecución,CA-348-2020,2020-12-31T00:00:00.000
Norte,Santa Rosa de Osos,Vivienda Nueva Urbana,80,En ejecución,CI-717-2021,2021-12-01T00:00:00.000
Norte,Santa Rosa de Osos,Vivienda Nueva Urbana,20,En ejecución,CI-533-2021,2021-12-01T00:00:00.000
Norte,Toledo,Antioquia se Pinta de Vida,1,Ejecutado,CI-404-2021,2021-09-21T00:00:00.000
Norte,Toledo,Capacitación Técnica y Social,1,Ejecutado,N/A,N/A
Norte,Toledo,Mejoramiento de Vivienda,119,En ejecución,CI-711-2021,2021-12-01T00:00:00.000
Norte,Toledo,Mejoramiento de Vivienda Rural,40,SGR - Ejecución,CI-749-2021,2021-11-25T00:00:00.000
Norte,Toledo,Vivienda Nueva Rural,50,N/A,N/A,N/A
Norte,Valdivia,Antioquia se Pinta de Vida,1,Ejecutado,CI-164-2021,2021-04-30T00:00:00.000
Norte,Valdivia,Capacitación Técnica y Social,1,Ejecutado,N/A,N/A
Norte,Valdivia,Mejoramiento de Vivienda,80,SGR - Ejecución,CI-749-2021,2021-11-25T00:00:00.000
Norte,Valdivia,Mejoramiento de Vivienda Urbana,51,En ejecución,CI-371-2020,2020-12-28T00:00:00.000
Norte,Valdivia,Titulación y/o Legalización,0,En ejecución,MVCT-978-2020,2020-09-30T00:00:00.000
Norte,Yarumal,Antioquia se Pinta de Vida,1,Ejecutado,CI-272-2020,2020-10-28T00:00:00.000
Norte,Yarumal,Capacitación Técnica y Social,1,Ejecutado,N/A,N/A
Norte,Yarumal,Mejoramiento de Vivienda,75,En ejecución,CI-704-2021,2021-11-30T00:00:00.000
Norte,Yarumal,Titulación y/o Legalización,43,Ejecutado,MVCT-807-2021,2020-10-02T00:00:00.000
Norte,Yarumal,Vivienda Nueva Urbana,160,En ejecución,CI-534-2021,2021-12-01T00:00:00.000
Occidente,Abriaquí,Mejoramiento de Vivienda,61,En ejecución,CI-724-2021,2021-12-16T00:00:00.000
Occidente,Abriaquí,Vivienda Nueva Rural,15,SGR - Viabilización y aprobación,CI-432-2021,2021-09-17T00:00:00.000
Occidente,Abriaquí,Vivienda Nueva Urbana,32,En ejecución,CI-634-2021,2021-12-07T00:00:00.000
Occidente,Anzá,Antioquia se Pinta de Vida,1,Ejecutado,CI-216-2021,2021-04-23T00:00:00.000
Occidente,Anzá,Capacitación Técnica y Social,1,Ejecutado,N/A,N/A
Occidente,Anzá,Mejoramiento de Vivienda Rural,40,SGR - Ejecución,CI-755-2021,2021-11-10T00:00:00.000
Occidente,Anzá,Mejoramiento de Vivienda Rural,20,Ejecutado,CI-374-2020,2020-12-28T00:00:00.000
Occidente,Anzá,Mejoramiento de Vivienda Urbana,48,En ejecución,CI-702-2021,2021-12-01T00:00:00.000
Occidente,Anzá,Titulación y/o Legalización,0,En ejecución,MVCT-851-2020,2020-09-30T00:00:00.000
Occidente,Anzá,Vivienda Nueva Rural,22,SGR - Viabilización y aprobación,CI-432-2021,2021-09-17T00:00:00.000
Occidente,Armenia,Antioquia se Pinta de Vida,1,Ejecutado,CI-589-2021,2021-12-09T00:00:00.000
Occidente,Armenia,Capacitación Técnica y Social,1,Ejecutado,N/A,N/A
Occidente,Armenia,Mejoramiento de Vivienda,62,En ejecución,CI-658-2021,2021-12-01T00:00:00.000
Occidente,Armenia,Mejoramiento de Vivienda,40,SGR - Ejecución,CI-761-2021,2021-11-24T00:00:00.000
Occidente,Armenia,Vivienda Nueva Rural,42,SGR - Viabilización y aprobación,CI-432-2021,2021-09-17T00:00:00.000
Occidente,Buriticá,Antioquia se Pinta de Vida,1,Ejecutado,CI-158-2021,2021-04-06T00:00:00.000
Occidente,Buriticá,Capacitación Técnica y Social,1,Ejecutado,N/A,N/A
Occidente,Buriticá,Mejoramiento de Vivienda,100,SGR - Ejecución,CI-758-2021,2021-12-01T00:00:00.000
Occidente,Buriticá,Mejoramiento de Vivienda,170,En ejecución,CI-661-2021,2021-12-01T00:00:00.000
Occidente,Buriticá,Titulación y/o Legalización,0,En ejecución,MVCT - 808 - 2021,2020-10-02T00:00:00.000
Occidente,Buriticá,Vivienda Nueva Rural,70,SGR - Viabilización y aprobación,CI-432-2021,2021-09-17T00:00:00.000
Occidente,Caicedo,Antioquia se Pinta de Vida,1,Ejecutado,CI-405-2021,2021-08-11T00:00:00.000
Occidente,Caicedo,Capacitación Técnica y Social,1,Ejecutado,N/A,N/A
Occidente,Caicedo,Intervenciones Urbanas Intregales,1,En ejecución,RESOLUCIÓN S2021060084190,13/07/2021
Occidente,Caicedo,Mejoramiento de Vivienda,50,SGR - Ejecución,CI-755-2021,2021-11-10T00:00:00.000
Occidente,Caicedo,Mejoramiento de Vivienda,89,En ejecución,CI-785-2021,2021-12-13T00:00:00.000
Occidente,Caicedo,Vivienda Nueva Rural,25,SGR - Viabilización y aprobación,CI-432-2021,2021-09-17T00:00:00.000
Occidente,Caicedo,Vivienda Nueva Rural,43,En ejecución,CA-766-2021,2022-01-20T00:00:00.000
Occidente,Caicedo,Vivienda Nueva Rural,32,SGR - Formulación y estructuración,CI-418-2020,2020-12-30T00:00:00.000
Occidente,Cañasgordas,Antioquia se Pinta de Vida,1,Ejecutado,CI-591-2021,2021-12-09T00:00:00.000
Occidente,Cañasgordas,Capacitación Técnica y Social,1,Ejecutado,N/A,N/A
Occidente,Cañasgordas,Mejoramiento de Vivienda,40,SGR - Ejecución,CI-752-2021,2021-11-10T00:00:00.000
Occidente,Cañasgordas,Mejoramiento de Vivienda,204,En ejecución,CI-672-2021,2021-12-01T00:00:00.000
Occidente,Cañasgordas,Mejoramiento de Vivienda Rural,558,En ejecución,CI-610-2021,2021-12-07T00:00:00.000
Occidente,Cañasgordas,Titulación y/o Legalización,39,Ejecutado,N/A,N/A
Occidente,Cañasgordas,Vivienda Nueva Rural,50,SGR - Viabilización y aprobación,CI-432-2021,2021-09-17T00:00:00.000
Occidente,Cañasgordas,Vivienda Nueva Urbana,160,En ejecución,CI-527-2021,2021-12-09T00:00:00.000
Occidente,Cañasgordas,Vivienda Nueva Urbana,20,En ejecución,CI-569-2021,2021-12-01T00:00:00.000
Occidente,Cañasgordas,Vivienda Nueva Urbana,110,En ejecución,CI-570-2021,2021-12-01T00:00:00.000
Occidente,Cañasgordas,Vivienda Nueva Rural,75,SGR - Formulación y estructuración,CI-504-2021,2021-11-10T00:00:00.000
Occidente,Dabeiba,Capacitación Técnica y Social,1,Ejecutado,N/A,N/A
Occidente,Dabeiba,Mejoramiento de Vivienda Urbana,252,En ejecución,CI-723-2021,2021-12-07T00:00:00.000
Occidente,Dabeiba,Titulación y/o Legalización,122,Ejecutado,N/A,N/A
Occidente,Dabeiba,Vivienda Nueva Rural,109,En ejecución,005-2021,2021-04-07T00:00:00.000
Occidente,Dabeiba,Vivienda Nueva Rural,35,SGR - Viabilización y aprobación,CI-432-2021,2021-09-17T00:00:00.000
Occidente,Ebéjico,Antioquia se Pinta de Vida,1,Ejecutado,CI-581-2021,2021-12-09T00:00:00.000
Occidente,Ebéjico,Capacitación Técnica y Social,1,Ejecutado,N/A,N/A
Occidente,Ebéjico,Mejoramiento de Vivienda,61,En ejecución,CI-701-2021,2021-12-09T00:00:00.000
Occidente,Ebéjico,Mejoramiento de Vivienda,40,SGR - Ejecución,CI-761-2021,2021-11-24T00:00:00.000
Occidente,Ebéjico,Mejoramiento de Vivienda Rural,36,Ejecutado,CI-386-2020,2020-12-30T00:00:00.000
Occidente,Ebéjico,Vivienda Nueva Rural,45,SGR - Viabilización y aprobación,CI-432-2021,2021-09-17T00:00:00.000
Occidente,Frontino,Antioquia se Pinta de Vida,1,Ejecutado,CI-412-2021,2021-08-17T00:00:00.000
Occidente,Frontino,Capacitación Técnica y Social,1,Ejecutado,N/A,N/A
Occidente,Frontino,Titulación y/o Legalización,44,Ejecutado,MVCT-1044-2020,2020-09-30T00:00:00.000
Occidente,Frontino,Vivienda Nueva Rural,15,SGR - Viabilización y aprobación,CI-432-2021,2021-09-17T00:00:00.000
Occidente,Frontino,Vivienda Nueva Urbana,100,En ejecución,CI-395-2020,2020-12-28T00:00:00.000
Occidente,Frontino,Vivienda Nueva Urbana,18,En ejecución,CI-394-2020,2020-12-28T00:00:00.000
Occidente,Giraldo,Capacitación Técnica y Social,1,Ejecutado,N/A,N/A
Occidente,Giraldo,Mejoramiento de Vivienda,102,En ejecución,CI-715-2021,2021-12-01T00:00:00.000
Occidente,Giraldo,Mejoramiento de Vivienda,100,SGR - Ejecución,CI-758-2021,2021-12-01T00:00:00.000
Occidente,Giraldo,Titulación y/o Legalización,0,En ejecución,MVCT-849-2020,2020-09-30T00:00:00.000
Occidente,Giraldo,Vivienda Nueva Rural,22,SGR - Viabilización y aprobación,CI-432-2021,2021-09-17T00:00:00.000
Occidente,Heliconia,Antioquia se Pinta de Vida,1,En ejecución,CI-129-2022,2022-08-01T00:00:00.000
Occidente,Heliconia,Capacitación Técnica y Social,1,Ejecutado,N/A,N/A
Occidente,Heliconia,Mejoramiento de Vivienda,130,En ejecución,CI-696-2021,2021-12-15T00:00:00.000
Occidente,Heliconia,Mejoramiento de Vivienda,100,SGR - Ejecución,CI-761-2021,2021-11-24T00:00:00.000
Occidente,Heliconia,Titulación y/o Legalización,0,En ejecución,MVCT-859-2020,2020-09-30T00:00:00.000
Occidente,Heliconia,Vivienda Nueva Rural,47,SGR - Viabilización y aprobación,CI-432-2021,2021-09-17T00:00:00.000
Occidente,Liborina,Antioquia se Pinta de Vida,1,Ejecutado,CI-585-2021,2021-12-09T00:00:00.000
Occidente,Liborina,Capacitación Técnica y Social,1,Ejecutado,N/A,N/A
Occidente,Liborina,Mejoramiento de Vivienda,40,SGR - Ejecución,CI-751-2021,2021-11-10T00:00:00.000
Occidente,Liborina,Titulación y/o Legalización,0,En ejecución,MVCT-967-2020,2020-09-30T00:00:00.000
Occidente,Liborina,Vivienda Nueva Rural,15,En ejecución,CA-773-2021,2022-01-20T00:00:00.000
Occidente,Liborina,Vivienda Nueva Rural,42,SGR - Viabilización y aprobación,CI-432-2021,2021-09-17T00:00:00.000
Occidente,Olaya,Antioquia se Pinta de Vida,1,En ejecución,CI-128-2022,2022-08-01T00:00:00.000
Occidente,Olaya,Capacitación Técnica y Social,1,Ejecutado,N/A,N/A
Occidente,Olaya,Mejoramiento de Vivienda,98,En ejecución,CI-667-2021,2021-12-01T00:00:00.000
Occidente,Olaya,Vivienda Nueva Rural,40,SGR - Viabilización y aprobación,CI-432-2021,2021-09-17T00:00:00.000
Occidente,Peque,Antioquia se Pinta de Vida,1,En ejecución,CI-112-2022,2022-07-18T00:00:00.000
Occidente,Peque,Vivienda Nueva Rural,70,SGR - Viabilización y aprobación,CI-432-2021,2021-09-17T00:00:00.000
Occidente,Sabanalarga,Antioquia se Pinta de Vida,1,Ejecutado,CI-127-2022,2022-07-29T00:00:00.000
Occidente,Sabanalarga,Capacitación Técnica y Social,1,Ejecutado,N/A,N/A
Occidente,Sabanalarga,Mejoramiento de Vivienda,50,SGR - Ejecución,CI-751-2021,2021-11-10T00:00:00.000
Occidente,Sabanalarga,Mejoramiento de Vivienda,100,En ejecución,CI-674-2021,2021-12-01T00:00:00.000
Occidente,Sabanalarga,Vivienda Nueva Rural,32,SGR - Viabilización y aprobación,CI-432-2021,2021-09-17T00:00:00.000
Occidente,San Jerónimo,Antioquia se Pinta de Vida,1,Ejecutado,CI-274-2020,2020-10-28T00:00:00.000
Occidente,San Jerónimo,Capacitación Técnica y Social,1,Ejecutado,N/A,N/A
Occidente,San Jerónimo,Mejoramiento de Vivienda,140,SGR - Ejecución,CI-751-2021,2021-11-10T00:00:00.000
Occidente,San Jerónimo,Mejoramiento de Vivienda Rural,167,En ejecución,CI-722-2021,2021-12-01T00:00:00.000
Occidente,Olaya,Vivienda Nueva,90,SGR - Formulación y estructuración,CI-504-2021,2021-11-10T00:00:00.000
Occidente,San Jerónimo,Vivienda Nueva Rural,35,SGR - Viabilización y aprobación,CI-432-2021,2021-09-17T00:00:00.000
Occidente,San Jerónimo,Vivienda Nueva Urbana,108,En ejecución,CI-547-2021,2021-12-01T00:00:00.000
Occidente,San Jerónimo,Vivienda Nueva Rural,40,SGR - Formulación y estructuración,CI-504-2021,2021-11-10T00:00:00.000
Occidente,Santa Fé de Antioquia,Antioquia se Pinta de Vida,1,Ejecutado,CI-273-2020,2020-11-03T00:00:00.000
Occidente,Santa Fé de Antioquia,Capacitación Técnica y Social,1,Ejecutado,N/A,N/A
Occidente,Santa Fé de Antioquia,Mejoramiento de Vivienda,100,En ejecución,CI-739-2021,N/A
Occidente,Santa Fé de Antioquia,Mejoramiento de Vivienda,100,SGR - Ejecución,CI-755-2021,2021-11-10T00:00:00.000
Occidente,Santa Fé de Antioquia,Vivienda Nueva Rural,33,SGR - Viabilización y aprobación,CI-432-2021,2021-09-17T00:00:00.000
Occidente,Sopetrán,Antioquia se Pinta de Vida,1,Ejecutado,CI-415-2021,2021-08-18T00:00:00.000
Occidente,Sopetrán,Capacitación Técnica y Social,1,Ejecutado,N/A,N/A
Occidente,Sopetrán,Mejoramiento de Vivienda,100,SGR - Ejecución,CI-751-2021,2021-11-10T00:00:00.000
Occidente,Sopetrán,Mejoramiento de Vivienda,33,En ejecución,CI-703-2021,2021-12-01T00:00:00.000
Occidente,Sopetrán,Vivienda Nueva Rural,40,SGR - Viabilización y aprobación,CI-432-2021,2021-09-17T00:00:00.000
Occidente,Sopetrán,Vivienda Nueva,30,SGR - Formulación y estructuración,CI-504-2021,2021-11-10T00:00:00.000
Occidente,Uramita,Capacitación Técnica y Social,1,Ejecutado,N/A,N/A
Occidente,Uramita,Mejoramiento de Vivienda,100,SGR - Ejecución,CI-752-2021,2021-11-10T00:00:00.000
Occidente,Uramita,Mejoramiento de Vivienda,60,En ejecución,CI-664-2021,2021-12-01T00:00:00.000
Occidente,Uramita,Titulación y/o Legalización,2,Ejecutado,N/A,N/A
Occidente,Uramita,Vivienda Nueva Rural,29,SGR - Viabilización y aprobación,CI-432-2021,2021-09-17T00:00:00.000
Occidente,Uramita,Vivienda Nueva Urbana,160,En ejecución,CI-535-2021,2021-12-01T00:00:00.000
Oriente,Abejorral,Antioquia se Pinta de Vida,1,Ejecutado,CI-420-2021,2021-08-04T00:00:00.000
Oriente,Abejorral,Capacitación Técnica y Social,1,Ejecutado,N/A,N/A
Oriente,Abejorral,Mejoramiento de Vivienda Rural,50,SGR - Ejecución,CI-753-2021,2021-11-11T00:00:00.000
Oriente,Abejorral,Mejoramiento de Vivienda Urbana,48,En ejecución,CI-669-2021,2021-12-01T00:00:00.000
Oriente,Abejorral,Titulación y/o Legalización,0,En ejecución,MVCT-760-2021,2020-10-02T00:00:00.000
Oriente,Alejandría,Antioquia se Pinta de Vida,1,Ejecutado,CI-309-2021,2021-05-21T00:00:00.000
Oriente,Alejandría,Capacitación Técnica y Social,1,Ejecutado,N/A,N/A
Oriente,Alejandría,Titulación y/o Legalización,0,En ejecución,MVCT - 800-2021,2020-10-02T00:00:00.000
Oriente,Alejandría,Vivienda Nueva Urbana,60,En ejecución,CI-565-2021,2021-12-07T00:00:00.000
Oriente,Argelia,Titulación y/o Legalización,0,En ejecución,MVCT-963-2020,2020-09-28T00:00:00.000
Oriente,Cocorná,Antioquia se Pinta de Vida,1,Ejecutado,CI-580-2021,2021-12-09T00:00:00.000
Oriente,Cocorná,Capacitación Técnica y Social,1,Ejecutado,N/A,N/A
Oriente,Cocorná,Mejoramiento de Vivienda,50,SGR - Ejecución,CI-759-2021,2021-11-26T00:00:00.000
Oriente,Concepción,Antioquia se Pinta de Vida,1,Ejecutado,CI-213-2020,2020-10-09T00:00:00.000
Oriente,Concepción,Capacitación Técnica y Social,1,Ejecutado,N/A,N/A
Oriente,Concepción,Espacio Público Efectivo,"5,200",En ejecución,RESOLUCIÓN S2021060084190,13/07/2021
Oriente,Concepción,Mejoramiento de Vivienda Rural,18,Ejecutado,CI-385-2020,2020-12-30T00:00:00.000
Oriente,Concepción,Mejoramiento de Vivienda Rural,52,En ejecución,CI-677-2021,2021-12-07T00:00:00.000
Oriente,Concepción,Mejoramiento de Vivienda Rural,30,SGR - Ejecución,CI-759-2021,2021-11-26T00:00:00.000
Oriente,Concepción,Titulación y/o Legalización,0,En ejecución,MVCT-972-2020,2020-09-30T00:00:00.000
Oriente,El Carmen de Viboral,Antioquia se Pinta de Vida,1,Ejecutado,CI-163-2021,2021-04-23T00:00:00.000
Oriente,El Carmen de Viboral,Capacitación Técnica y Social,1,Ejecutado,N/A,N/A
Oriente,El Carmen de Viboral,Mejoramiento de Vivienda Rural,100,En ejecución,CI-622-2021,2021-12-07T00:00:00.000
Oriente,El Carmen de Viboral,Mejoramiento de Vivienda Rural,1,En ejecución,CA-348-2020,2020-12-31T00:00:00.000
Oriente,El Carmen de Viboral,Mejoramiento de Vivienda Urbana,50,SGR - Ejecución,CI-757-2021,2021-12-01T00:00:00.000
Oriente,El Carmen de Viboral,Titulación y/o Legalización,1,Ejecutado,N/A,N/A
Oriente,El Carmen de Viboral,Vivienda Nueva Urbana,90,En ejecución,CI-388-2020,2021-01-21T00:00:00.000
Oriente,El Carmen de Viboral,Vivienda Nueva Urbana,112,En ejecución,CI-152-2021,2021-04-30T00:00:00.000
Oriente,Peñol,Antioquia se Pinta de Vida,1,Ejecutado,CI-261-2020,2020-10-23T00:00:00.000
Oriente,Peñol,Capacitación Técnica y Social,1,Ejecutado,N/A,N/A
Oriente,Peñol,Espacio Público Efectivo,"2,537",En ejecución,CI-721-2021,2021-12-07T00:00:00.000
Oriente,Peñol,Mejoramiento de Vivienda,50,SGR - Ejecución,CI-759-2021,2021-11-26T00:00:00.000
Oriente,Peñol,Mejoramiento de Vivienda Rural,33,En ejecución,CI-660-2021,2021-12-01T00:00:00.000
Oriente,Peñol,Mejoramiento de Vivienda Rural,52,En ejecución,CI-632-2021,2021-12-01T00:00:00.000
Oriente,Peñol,Titulación y/o Legalización,1,Ejecutado,N/A,N/A
Oriente,Peñol,Vivienda Nueva Rural,8,En ejecución,CA-606-2021,2021-12-01T00:00:00.000
Oriente,Peñol,Vivienda Nueva Rural,10,En ejecución,CA-152-2020,2020-09-21T00:00:00.000
Oriente,Peñol,Vivienda Nueva Urbana,234,En ejecución,CA-627-2021,2021-12-01T00:00:00.000
Oriente,Peñol,Vivienda Nueva Urbana,128,En ejecución,CI-555-2021,2021-12-01T00:00:00.000
Oriente,El Retiro,Antioquia se Pinta de Vida,1,En ejecución,CI-106-2022,2022-07-18T00:00:00.000
Oriente,El Retiro,Capacitación Técnica y Social,1,Ejecutado,N/A,N/A
Oriente,El Retiro,Mejoramiento de Vivienda,81,En ejecución,CI-716-2021,2021-12-07T00:00:00.000
Oriente,El Retiro,Mejoramiento de Vivienda,62,SGR - Ejecución,CI-757-2021,2021-12-01T00:00:00.000
Oriente,El Retiro,Mejoramiento de Vivienda Urbana,1,En ejecución,CA-349-2020,2020-12-31T00:00:00.000
Oriente,El Retiro,Titulación y/o Legalización,2,Ejecutado,N/A,N/A
Oriente,El Retiro,Vivienda Nueva Urbana,30,En ejecución,CI-536-2021,2021-12-01T00:00:00.000
Oriente,El Retiro,Vivienda Nueva Urbana,72,En ejecución,CI-546-2021,2021-12-01T00:00:00.000
Oriente,El Santuario,Capacitación Técnica y Social,1,Ejecutado,N/A,N/A
Oriente,El Santuario,Espacio Público Efectivo,610,En ejecución,CI-631-2021,2021-12-01T00:00:00.000
Oriente,El Santuario,Mejoramiento de Vivienda Rural,55,En ejecución,CI-608-2021,2021-12-01T00:00:00.000
Oriente,El Santuario,Mejoramiento de Vivienda Urbana,22,En ejecución,CI-327-2021,2021-06-30T00:00:00.000
Oriente,El Santuario,Titulación y/o Legalización,11,Ejecutado,N/A,N/A
Oriente,El Santuario,Vivienda Nueva Rural,10,En ejecución,CA-151-2020,2020-09-23T00:00:00.000
Oriente,El Santuario,Vivienda Nueva Rural,15,En ejecución,CA-607-2021,2021-12-01T00:00:00.000
Oriente,El Santuario,Vivienda Nueva Urbana,120,En ejecución,CI-556-2021,2021-12-01T00:00:00.000
Oriente,El Santuario,Vivienda Nueva Urbana,32,En ejecución,CI-487-2021,2021-09-08T00:00:00.000
Oriente,Granada,Antioquia se Pinta de Vida,1,Ejecutado,CI-218-2021,2021-04-15T00:00:00.000
Oriente,Granada,Capacitación Técnica y Social,1,Ejecutado,N/A,N/A
Oriente,Granada,Mejoramiento de Vivienda Rural,15,En ejecución,CI-638-2021,2021-12-01T00:00:00.000
Oriente,Granada,Mejoramiento de Vivienda Rural,50,SGR - Ejecución,CI-759-2021,2021-11-26T00:00:00.000
Oriente,Granada,Mejoramiento de Vivienda Urbana,34,En ejecución,CI-668-2021,2021-12-01T00:00:00.000
Oriente,Granada,Titulación y/o Legalización,14,Ejecutado,MVCT-860-2020,2020-09-30T00:00:00.000
Oriente,Granada,Vivienda Nueva Rural,2,En ejecución,CA-613-2021,2021-12-01T00:00:00.000
Oriente,Granada,Vivienda Nueva Rural,2,Ejecutado,CA-153-2020,2020-10-09T00:00:00.000
Oriente,Granada,Vivienda Nueva Rural,20,N/A,N/A,N/A
Oriente,Guarne,Antioquia se Pinta de Vida,1,Ejecutado,CI-259-2020,2020-10-23T00:00:00.000
Oriente,Guarne,Capacitación Técnica y Social,1,Ejecutado,N/A,N/A
Oriente,Guarne,Mejoramiento de Vivienda,50,SGR - Ejecución,CI-757-2021,2021-12-01T00:00:00.000
Oriente,Guarne,Mejoramiento de Vivienda Rural,53,En ejecución,CI-682-2021,2021-12-01T00:00:00.000
Oriente,Guarne,Mejoramiento de Vivienda Rural,30,En ejecución,CI-603-2021,2021-12-07T00:00:00.000
Oriente,Guarne,Mejoramiento de Vivienda Rural,27,En ejecución,CA-348-2020,2020-12-31T00:00:00.000
Oriente,Guarne,Titulación y/o Legalización,1,Ejecutado,N/A,N/A
Oriente,Guarne,Vivienda Nueva Urbana,70,En ejecución,CA-626-2021,2021-12-01T00:00:00.000
Oriente,Guarne,Vivienda Nueva Urbana,95,En ejecución,CI-537-2021,2021-12-01T00:00:00.000
Oriente,Guarne,Vivienda Nueva Urbana,120,En ejecución,CA-82-2022,2022-01-28T00:00:00.000
Oriente,Guatapé,Antioquia se Pinta de Vida,1,Ejecutado,CI-168-2021,2021-04-22T00:00:00.000
Oriente,Guatapé,Capacitación Técnica y Social,1,Ejecutado,N/A,N/A
Oriente,Guatapé,Espacio Público Efectivo,"1,529",En ejecución,CI-635-2021,2021-12-01T00:00:00.000
Oriente,Guatapé,Mejoramiento de Vivienda Rural,9,En ejecución,CI-571-2021,2021-12-01T00:00:00.000
Oriente,Guatapé,Mejoramiento de Vivienda Urbana,9,En ejecución,CI-604-2021,2021-12-07T00:00:00.000
Oriente,Guatapé,Titulación y/o Legalización,1,Ejecutado,MVCT-1035-2020,2020-09-30T00:00:00.000
Oriente,Guatapé,Vivienda Nueva Urbana,70,En ejecución,CI-558-2021,2021-12-09T00:00:00.000
Oriente,La Ceja,Antioquia se Pinta de Vida,1,Ejecutado,CI-258-2020,2020-10-15T00:00:00.000
Oriente,La Ceja,Capacitación Técnica y Social,1,Ejecutado,N/A,N/A
Oriente,La Ceja,Mejoramiento de Vivienda,50,SGR - Ejecución,CI-757-2021,2021-12-01T00:00:00.000
Oriente,La Ceja,Mejoramiento de Vivienda,45,En ejecución,CI-656-2021,2021-11-30T00:00:00.000
Oriente,La Ceja,Mejoramiento de Vivienda Urbana,16,En ejecución,CI-614-2021,2021-12-01T00:00:00.000
Oriente,La Ceja,Titulación y/o Legalización,1,Ejecutado,N/A,N/A
Oriente,La Ceja,Vivienda Nueva Urbana,160,En ejecución,CA-605-2021,2021-12-07T00:00:00.000
Oriente,La Ceja,Vivienda Nueva Urbana,248,En ejecución,CI-538-2021,2021-12-01T00:00:00.000
Oriente,La Ceja,Vivienda Nueva Urbana,170,En ejecución,CI-71-2020,2020-06-18T00:00:00.000
Oriente,La Unión,Antioquia se Pinta de Vida,1,Ejecutado,CI-584-2021,2021-12-09T00:00:00.000
Oriente,La Unión,Capacitación Técnica y Social,1,Ejecutado,N/A,N/A
Oriente,La Unión,Intervenciones Urbanas Intregales,1,En ejecución,CI-2021-VIVA-398,2021-07-26T00:00:00.000
Oriente,La Unión,Mejoramiento de Vivienda,75,En ejecución,CI-686-2021,2021-12-07T00:00:00.000
Oriente,La Unión,Mejoramiento de Vivienda,36,SGR - Ejecución,CI-757-2021,2021-12-01T00:00:00.000
Oriente,La Unión,Mejoramiento de Vivienda Rural,6,En ejecución,CA-348-2020,2020-12-31T00:00:00.000
Oriente,La Unión,Mejoramiento de Vivienda Urbana,2,En ejecución,CA-349-2020,2020-12-31T00:00:00.000
Oriente,La Unión,Titulación y/o Legalización,12,Ejecutado,MVCT-0716-2021,2020-10-02T00:00:00.000
Oriente,La Unión,Vivienda Nueva Rural,56,SGR - Viabilización y aprobación,CI-308-2020,2020-12-01T00:00:00.000
Oriente,Marinilla,Antioquia se Pinta de Vida,1,Ejecutado,CI-588-2021,2021-12-09T00:00:00.000
Oriente,Marinilla,Capacitación Técnica y Social,1,Ejecutado,N/A,N/A
Oriente,Marinilla,Intervenciones Urbanas Intregales,1,En ejecución,CI-417-2020,2020-12-31T00:00:00.000
Oriente,Marinilla,Mejoramiento de Vivienda,50,SGR - Ejecución,CI-757-2021,2021-12-01T00:00:00.000
Oriente,Marinilla,Mejoramiento de Vivienda,72,En ejecución,CI-691-2021,2021-12-01T00:00:00.000
Oriente,Marinilla,Titulación y/o Legalización,32,Ejecutado,N/A,N/A
Oriente,Marinilla,Vivienda Nueva Rural,10,Ejecutado,CA-154-2020,2020-10-19T00:00:00.000
Oriente,Marinilla,Vivienda Nueva Rural,8,En ejecución,CA-616-2021,2021-12-01T00:00:00.000
Oriente,Marinilla,Vivienda Nueva Urbana,40,En ejecución,CI-399-2020,2020-01-27T00:00:00.000
Oriente,Nariño,Antioquia se Pinta de Vida,1,Ejecutado,CI-413-2021,2021-08-25T00:00:00.000
Oriente,Nariño,Capacitación Técnica y Social,1,Ejecutado,N/A,N/A
Oriente,Nariño,Mejoramiento de Vivienda,100,SGR - Ejecución,CI-753-2021,2021-11-11T00:00:00.000
Oriente,Nariño,Mejoramiento de Vivienda Rural,106,En ejecución,CI-572-2021,2021-12-01T00:00:00.000
Oriente,Nariño,Vivienda Nueva Urbana,60,En ejecución,CI-561-2021,2021-12-01T00:00:00.000
Oriente,Rionegro,Antioquia se Pinta de Vida,1,En ejecución,CI-126-2022,2022-07-27T00:00:00.000
Oriente,Rionegro,Capacitación Técnica y Social,1,Ejecutado,N/A,N/A
Oriente,Rionegro,Espacio Público Efectivo,"9,632",En ejecución,CI-375-2020,2020-12-31T00:00:00.000
Oriente,Rionegro,Mejoramiento de Vivienda Rural,3,En ejecución,CA-348-2020,2020-12-31T00:00:00.000
Oriente,Rionegro,Mejoramiento de Vivienda Urbana,296,En ejecución,015-2020,2020-10-30T00:00:00.000
Oriente,Rionegro,Titulación y/o Legalización,75,Ejecutado,N/A,N/A
Oriente,Rionegro,Vivienda Nueva Urbana,100,En ejecución,CI-562-2021,2021-12-01T00:00:00.000
Oriente,Rionegro,Vivienda Nueva Urbana,168,En ejecución,CI-548-2021,2021-12-01T00:00:00.000
Oriente,Rionegro,Vivienda Nueva Urbana,180,En ejecución,CI-109-2020,2020-07-14T00:00:00.000
Oriente,Rionegro,Vivienda Nueva Urbana,360,En ejecución,CI-529-2021,2021-12-07T00:00:00.000
Oriente,Rionegro,Vivienda Nueva Urbana,432,En ejecución,CI-539-2021,2021-12-01T00:00:00.000
Oriente,San Carlos,Antioquia se Pinta de Vida,1,En ejecución,CI-107-2022,2022-07-18T00:00:00.000
Oriente,San Carlos,Capacitación Técnica y Social,1,Ejecutado,N/A,N/A
Oriente,San Carlos,Espacio Público Efectivo,"4,400",Ejecutado,CI-389-2021,2021-10-04T00:00:00.000
Oriente,San Carlos,Mejoramiento de Vivienda,50,SGR - Ejecución,CI-759-2021,2021-11-26T00:00:00.000
Oriente,San Carlos,Mejoramiento de Vivienda,155,En ejecución,CI-707-2021,2021-12-01T00:00:00.000
Oriente,San Carlos,Mejoramiento de Vivienda Rural,152,En ejecución,CI-575-2021,2021-12-01T00:00:00.000
Oriente,San Carlos,Titulación y/o Legalización,0,En ejecución,MVCT-1046-2020,2020-09-30T00:00:00.000
Oriente,San Carlos,Vivienda Nueva Rural,10,Ejecutado,CA-156-2020,2020-09-21T00:00:00.000
Oriente,San Carlos,Vivienda Nueva Rural,8,En ejecución,CA-620-2021,2021-12-01T00:00:00.000
Oriente,San Carlos,Vivienda Nueva Urbana,240,En ejecución,CI-406-2020,2020-12-28T00:00:00.000
Oriente,San Carlos,Vivienda Nueva Urbana,120,En ejecución,CI-154-2021,2021-04-30T00:00:00.000
Oriente,San Francisco,Antioquia se Pinta de Vida,1,Ejecutado,CI-451-2021,2021-09-21T00:00:00.000
Oriente,San Francisco,Capacitación Técnica y Social,1,Ejecutado,N/A,N/A
Oriente,San Francisco,Mejoramiento de Vivienda,0,SGR - Ejecución,CI-759-2021,2021-11-26T00:00:00.000
Oriente,San Francisco,Titulación y/o Legalización,0,En ejecución,MVCT-1048-2020,2020-09-30T00:00:00.000
Oriente,San Luis,Antioquia se Pinta de Vida,1,Ejecutado,CI-594-2021,2021-12-09T00:00:00.000
Oriente,San Luis,Capacitación Técnica y Social,1,Ejecutado,N/A,N/A
Oriente,San Luis,Mejoramiento de Vivienda,62,En ejecución,CI-684-2021,2021-12-01T00:00:00.000
Oriente,San Luis,Titulación y/o Legalización,17,Ejecutado,N/A,N/A
Oriente,San Luis,Vivienda Nueva Rural,30,N/A,N/A,N/A
Oriente,San Rafael,Capacitación Técnica y Social,1,Ejecutado,N/A,N/A
Oriente,San Rafael,Mejoramiento de Vivienda Rural,50,SGR - Ejecución,CI-759-2021,2021-11-26T00:00:00.000
Oriente,San Rafael,Mejoramiento de Vivienda Urbana,75,En ejecución,CI-698-2021,2021-12-07T00:00:00.000
Oriente,San Rafael,Titulación y/o Legalización,3,Ejecutado,MVCT-759-2021,2020-10-02T00:00:00.000
Oriente,San Vicente de Ferrer,Antioquia se Pinta de Vida,1,Ejecutado,CI-218-2020,2020-10-07T00:00:00.000
Oriente,San Vicente de Ferrer,Capacitación Técnica y Social,1,Ejecutado,N/A,N/A
Oriente,San Vicente de Ferrer,Mejoramiento de Vivienda,115,En ejecución,CI-671-2021,2021-12-09T00:00:00.000
Oriente,San Vicente de Ferrer,Mejoramiento de Vivienda,80,SGR - Ejecución,CI-757-2021,2021-12-01T00:00:00.000
Oriente,San Vicente de Ferrer,Titulación y/o Legalización,20,Ejecutado,N/A,N/A
Oriente,Sonsón,Antioquia se Pinta de Vida,1,Ejecutado,CI-207-2020,2020-10-07T00:00:00.000
Oriente,Sonsón,Capacitación Técnica y Social,1,Ejecutado,N/A,N/A
Oriente,Sonsón,Mejoramiento de Vivienda Rural,35,En ejecución,CA-787-2021,2021-12-13T00:00:00.000
Oriente,Sonsón,Mejoramiento de Vivienda Urbana,50,SGR - Ejecución,CI-753-2021,2021-11-11T00:00:00.000
Oriente,Sonsón,Titulación y/o Legalización,17,Ejecutado,N/A,N/A
Oriente,Sonsón,Vivienda Nueva Urbana,2,Ejecutado,CA-362-2020,2021-01-12T00:00:00.000
Oriente,Sonsón,Vivienda Nueva Urbana,1,En ejecución,CA-643-2021,2021-12-01T00:00:00.000
Suroeste,Amagá,Antioquia se Pinta de Vida,1,En ejecución,CI-131-2022,2022-08-01T00:00:00.000
Suroeste,Amagá,Capacitación Técnica y Social,1,Ejecutado,N/A,N/A
Suroeste,Amagá,Mejoramiento de Vivienda,100,En ejecución,CI-714-2021,2021-12-07T00:00:00.000
Suroeste,Amagá,Mejoramiento de Vivienda,141,SGR - Ejecución,CI-762-2021,2021-11-30T00:00:00.000
Suroeste,Amagá,Mejoramiento de Vivienda Urbana,49,En ejecución,CI-566-2021,2021-12-07T00:00:00.000
Suroeste,Amagá,Titulación y/o Legalización,43,Ejecutado,N/A,N/A
Suroeste,Amagá,Vivienda Nueva Rural,20,N/A,N/A,N/A
Suroeste,Andes,Antioquia se Pinta de Vida,1,Ejecutado,CI-421-2021,2021-08-25T00:00:00.000
Suroeste,Andes,Capacitación Técnica y Social,1,Ejecutado,N/A,N/A
Suroeste,Andes,Mejoramiento de Vivienda,70,SGR - Ejecución,CI-760-2021,2021-11-26T00:00:00.000
Suroeste,Andes,Mejoramiento de Vivienda Rural,184,En ejecución,CI-675-2021,2021-12-01T00:00:00.000
Suroeste,Andes,Titulación y/o Legalización,11,Ejecutado,MVCT-958-2020,2020-09-28T00:00:00.000
Suroeste,Andes,Vivienda Nueva Urbana,49,En ejecución,CA-642-2021,2021-12-01T00:00:00.000
Suroeste,Angelópolis,Antioquia se Pinta de Vida,1,Ejecutado,CI-215-2021,2021-04-26T00:00:00.000
Suroeste,Angelópolis,Capacitación Técnica y Social,1,Ejecutado,N/A,N/A
Suroeste,Angelópolis,Mejoramiento de Vivienda Urbana,52,En ejecución,CI-652-2021,2021-12-01T00:00:00.000
Suroeste,Angelópolis,Titulación y/o Legalización,0,En ejecución,MVCT-850-2020,2020-08-25T00:00:00.000
Suroeste,Betania,Antioquia se Pinta de Vida,1,Ejecutado,CI-422-2021,2021-08-03T00:00:00.000
Suroeste,Betania,Capacitación Técnica y Social,1,Ejecutado,N/A,N/A
Suroeste,Betania,Mejoramiento de Vivienda,31,SGR - Ejecución,CI-760-2021,2021-11-26T00:00:00.000
Suroeste,Betania,Mejoramiento de Vivienda,77,En ejecución,CI-697-2021,2021-12-07T00:00:00.000
Suroeste,Betania,Mejoramiento de Vivienda Rural,72,En ejecución,CI-599-2021,2021-12-01T00:00:00.000
Suroeste,Betania,Vivienda Nueva Urbana,8,N/A,N/A,N/A
Suroeste,Betania,Vivienda Nueva Urbana,20,N/A,N/A,N/A
Suroeste,Betania,Vivienda Nueva Urbana,30,N/A,N/A,N/A
Suroeste,Betulia,Antioquia se Pinta de Vida,1,Ejecutado,CI-474-2021,2021-10-11T00:00:00.000
Suroeste,Betulia,Capacitación Técnica y Social,1,Ejecutado,N/A,N/A
Suroeste,Betulia,Mejoramiento de Vivienda,82,En ejecución,CI-651-2021,2021-12-01T00:00:00.000
Suroeste,Betulia,Mejoramiento de Vivienda,140,SGR - Ejecución,CI-762-2021,2021-11-30T00:00:00.000
Suroeste,Betulia,Titulación y/o Legalización,0,En ejecución,MVCT-960-2020,2020-09-28T00:00:00.000
Suroeste,Betulia,Vivienda Nueva Rural,50,En ejecución,CA-769-2021,2022-01-20T00:00:00.000
Suroeste,Betulia,Vivienda Nueva Rural,50,SGR - Formulación y estructuración,CI-518-2021,2021-11-10T00:00:00.000
Suroeste,Caramanta,Antioquia se Pinta de Vida,1,En ejecución,CI-130-2022,2022-08-01T00:00:00.000
Suroeste,Caramanta,Capacitación Técnica y Social,1,Ejecutado,N/A,N/A
Suroeste,Caramanta,Mejoramiento de Vivienda,124,En ejecución,CI-692-2021,2021-12-01T00:00:00.000
Suroeste,Caramanta,Mejoramiento de Vivienda,60,SGR - Ejecución,CI-747-2021,2021-11-10T00:00:00.000
Suroeste,Caramanta,Titulación y/o Legalización,0,En ejecución,MVCT-756-2021,2020-10-02T00:00:00.000
Suroeste,Caramanta,Vivienda Nueva Urbana,60,En ejecución,CI-540-2021,2021-12-01T00:00:00.000
Suroeste,Caramanta,Vivienda Nueva Rural,40,SGR - Formulación y estructuración,CI-496-2021,2021-11-10T00:00:00.000
Suroeste,Ciudad Bolívar,Antioquia se Pinta de Vida,1,Ejecutado,CI-579-2021,2021-12-09T00:00:00.000
Suroeste,Ciudad Bolívar,Capacitación Técnica y Social,1,Ejecutado,N/A,N/A
Suroeste,Ciudad Bolívar,Mejoramiento de Vivienda,40,SGR - Ejecución,CI-760-2021,2021-11-26T00:00:00.000
Suroeste,Ciudad Bolívar,Mejoramiento de Vivienda Urbana,21,En ejecución,CI-657-2021,2021-12-01T00:00:00.000
Suroeste,Ciudad Bolívar,Titulación y/o Legalización,12,Ejecutado,N/A,N/A
Suroeste,Ciudad Bolívar,Vivienda Nueva Rural,30,En ejecución,CA-770-2021,2022-01-20T00:00:00.000
Suroeste,Concordia,Antioquia se Pinta de Vida,1,Ejecutado,CI-476-2021,2021-09-28T00:00:00.000
Suroeste,Concordia,Capacitación Técnica y Social,1,Ejecutado,N/A,N/A
Suroeste,Concordia,Mejoramiento de Vivienda,100,SGR - Ejecución,CI-762-2021,2021-11-30T00:00:00.000
Suroeste,Concordia,Mejoramiento de Vivienda,108,En ejecución,CI-699-2021,2021-12-01T00:00:00.000
Suroeste,Concordia,Titulación y/o Legalización,0,En ejecución,MVCT-2020,2020-10-02T00:00:00.000
Suroeste,Concordia,Vivienda Nueva Rural,52,En ejecución,CA-767-2021,2022-01-20T00:00:00.000
Suroeste,Fredonia,Antioquia se Pinta de Vida,1,Ejecutado,CI-448-2021,2021-09-13T00:00:00.000
Suroeste,Fredonia,Capacitación Técnica y Social,1,Ejecutado,N/A,N/A
Suroeste,Concordia,Vivienda Nueva Rural,50,SGR - Formulación y estructuración,CI-518-2021,2021-11-10T00:00:00.000
Suroeste,Fredonia,Mejoramiento de Vivienda,50,SGR - Ejecución,CI-747-2021,2021-11-10T00:00:00.000
Suroeste,Fredonia,Mejoramiento de Vivienda,103,En ejecución,CI-670-2021,2021-12-09T00:00:00.000
Suroeste,Fredonia,Titulación y/o Legalización,0,En ejecución,MVCT-966-2020,2020-09-30T00:00:00.000
Suroeste,Fredonia,Mejoramiento de Vivienda,47,SGR - Formulación y estructuración,CI-307-2020,2020-12-30T00:00:00.000
Suroeste,Fredonia,Vivienda Nueva Rural,50,SGR - Formulación y estructuración,CI-496-2021,2021-11-10T00:00:00.000
Suroeste,Hispania,Antioquia se Pinta de Vida,1,Ejecutado,CI-132-2022,2022-08-01T00:00:00.000
Suroeste,Hispania,Capacitación Técnica y Social,1,N/A,N/A,N/A
Suroeste,Jardín,Antioquia se Pinta de Vida,1,Ejecutado,CI-160-2021,2021-04-08T00:00:00.000
Suroeste,Jardín,Capacitación Técnica y Social,1,Ejecutado,N/A,N/A
Suroeste,Jardín,Mejoramiento de Vivienda,38,En ejecución,CI-710-2021,2021-12-01T00:00:00.000
Suroeste,Jardín,Mejoramiento de Vivienda Rural,30,SGR - Ejecución,CI-760-2021,2021-11-26T00:00:00.000
Suroeste,Jardín,Titulación y/o Legalización,5,Ejecutado,N/A,N/A
Suroeste,Jardín,Vivienda Nueva Rural,15,En ejecución,CA-768-2021,2022-01-20T00:00:00.000
Suroeste,Jericó,Antioquia se Pinta de Vida,1,Ejecutado,CI-161-2021,2021-04-06T00:00:00.000
Suroeste,Jericó,Capacitación Técnica y Social,1,Ejecutado,N/A,N/A
Suroeste,Jericó,Titulación y/o Legalización,0,En ejecución,MVTC-1024-2020,2020-09-30T00:00:00.000
Suroeste,Jardín,Vivienda Nueva Rural,40,SGR - Formulación y estructuración,CI-518-2021,2021-11-10T00:00:00.000
Suroeste,La Pintada,Antioquia se Pinta de Vida,1,Ejecutado,CI-219-2021,2021-04-23T00:00:00.000
Suroeste,La Pintada,Capacitación Técnica y Social,1,Ejecutado,N/A,N/A
Suroeste,La Pintada,Espacio Público Efectivo,390,En ejecución,CI-636-2021,2021-12-01T00:00:00.000
Suroeste,La Pintada,Mejoramiento de Vivienda Urbana,33,En ejecución,CI-640-2021,2021-12-01T00:00:00.000
Suroeste,La Pintada,Mejoramiento de Vivienda Urbana,50,SGR - Ejecución,CI-747-2021,2021-11-10T00:00:00.000
Suroeste,La Pintada,Titulación y/o Legalización,0,En ejecución,MVCT-985-2020,2020-09-30T00:00:00.000
Suroeste,La Pintada,Vivienda Nueva Urbana,6,En ejecución,CI-560-2021,2021-12-01T00:00:00.000
Suroeste,La Pintada,Vivienda Nueva Urbana,80,En ejecución,CI-559-2021,2021-12-01T00:00:00.000
Suroeste,La Pintada,Vivienda Nueva Urbana,56,En ejecución,CA-615-2021,2021-12-15T00:00:00.000
Suroeste,Montebello,Antioquia se Pinta de Vida,1,Ejecutado,CI-587-2021,2021-12-09T00:00:00.000
Suroeste,Montebello,Capacitación Técnica y Social,1,Ejecutado,N/A,N/A
Suroeste,Montebello,Titulación y/o Legalización,0,En ejecución,MVCT-858-2020,2020-09-30T00:00:00.000
Suroeste,Montebello,Vivienda Nueva Rural,100,En ejecución,CI-397-2020,2020-12-31T00:00:00.000
Suroeste,Jericó,Vivienda Nueva Rural,45,SGR - Formulación y estructuración,CI-496-2021,2021-11-10T00:00:00.000
Suroeste,Pueblorrico,Antioquia se Pinta de Vida,1,Ejecutado,CI-165-2021,2021-04-27T00:00:00.000
Suroeste,Pueblorrico,Capacitación Técnica y Social,1,Ejecutado,N/A,N/A
Suroeste,Pueblorrico,Espacio Público Efectivo,547,En ejecución,CI-637-2021,2021-12-01T00:00:00.000
Suroeste,Pueblorrico,Vivienda Nueva Urbana,18,En ejecución,CI-398-2020,2020-12-31T00:00:00.000
Suroeste,Pueblorrico,Vivienda Nueva Urbana,60,En ejecución,CI-392-2020,2020-12-30T00:00:00.000
Suroeste,Salgar,Antioquia se Pinta de Vida,1,Ejecutado,CI-475-2021,2021-09-21T00:00:00.000
Suroeste,Salgar,Capacitación Técnica y Social,1,Ejecutado,N/A,N/A
Suroeste,Salgar,Mejoramiento de Vivienda,40,SGR - Ejecución,CI-760-2021,2021-11-26T00:00:00.000
Suroeste,Salgar,Mejoramiento de Vivienda Urbana,69,En ejecución,CI-665-2021,2021-12-07T00:00:00.000
Suroeste,Salgar,Vivienda Nueva Rural,10,En ejecución,CA-764-2021,2022-01-20T00:00:00.000
Suroeste,Santa Bárbara,Antioquia se Pinta de Vida,1,Ejecutado,CI-427-2021,2021-08-10T00:00:00.000
Suroeste,Santa Bárbara,Capacitación Técnica y Social,1,Ejecutado,N/A,N/A
Suroeste,Santa Bárbara,Mejoramiento de Vivienda,50,SGR - Ejecución,CI-747-2021,2021-11-10T00:00:00.000
Suroeste,Santa Bárbara,Titulación y/o Legalización,0,En ejecución,MVCT-979-2020,2020-09-30T00:00:00.000
Suroeste,Santa Bárbara,Vivienda Nueva Urbana,104,En ejecución,CI-328-2021,2021-06-10T00:00:00.000
Suroeste,Santa Bárbara,Vivienda Nueva Rural,45,SGR - Formulación y estructuración,CI-496-2021,2021-11-10T00:00:00.000
Suroeste,Támesis,Antioquia se Pinta de Vida,1,Ejecutado,CI-208-2020,2020-10-07T00:00:00.000
Suroeste,Támesis,Capacitación Técnica y Social,1,Ejecutado,N/A,N/A
Suroeste,Támesis,Mejoramiento de Vivienda,40,SGR - Ejecución,CI-747-2021,2021-11-10T00:00:00.000
Suroeste,Támesis,Mejoramiento de Vivienda,97,En ejecución,CI-681-2021,2021-12-01T00:00:00.000
Suroeste,Tarso,Capacitación Técnica y Social,1,Ejecutado,N/A,N/A
Suroeste,Tarso,Mejoramiento de Vivienda Urbana,30,En ejecución,CI-396-2021,2021-07-13T00:00:00.000
Suroeste,Tarso,Titulación y/o Legalización,0,En ejecución,MVCT-854-2020,2020-09-30T00:00:00.000
Suroeste,Titiribí,Antioquia se Pinta de Vida,1,Ejecutado,CI-595-2021,2021-12-09T00:00:00.000
Suroeste,Titiribí,Capacitación Técnica y Social,1,Ejecutado,N/A,N/A
Suroeste,Titiribí,Mejoramiento de Vivienda,50,SGR - Ejecución,CI-762-2021,2021-11-30T00:00:00.000
Suroeste,Titiribí,Titulación y/o Legalización,0,En ejecución,MVCT-1001-2020,2020-09-30T00:00:00.000
Suroeste,Tarso,Vivienda Nueva Rural,20,SGR - Formulación y estructuración,CI-496-2021,2021-11-10T00:00:00.000
Suroeste,Urrao,Antioquia se Pinta de Vida,1,Ejecutado,CI-452-2021,2021-09-14T00:00:00.000
Suroeste,Urrao,Capacitación Técnica y Social,1,Ejecutado,N/A,N/A
Suroeste,Urrao,Mejoramiento de Vivienda Rural,20,Ejecutado,CI-373-2020,2020-12-28T00:00:00.000
Suroeste,Urrao,Mejoramiento de Vivienda Rural,40,SGR - Ejecución,CI-762-2021,2021-11-30T00:00:00.000
Suroeste,Urrao,Titulación y/o Legalización,5,Ejecutado,MVCT-997-2020,2020-09-30T00:00:00.000
Suroeste,Titiribí,Vivienda Nueva Rural,50,SGR - Formulación y estructuración,CI-518-2021,2021-11-10T00:00:00.000
Suroeste,Urrao,Vivienda Nueva Urbana,45,En ejecución,CI-156-2021,2021-05-14T00:00:00.000
Suroeste,Urrao,Vivienda Nueva Urbana,70,N/A,N/A,N/A
Suroeste,Valparaíso,Antioquia se Pinta de Vida,1,Ejecutado,CI-596-2021,2021-12-09T00:00:00.000
Suroeste,Valparaíso,Capacitación Técnica y Social,1,Ejecutado,N/A,N/A
Suroeste,Valparaíso,Espacio Público Efectivo,"6,690",En ejecución,CI-370-2020,2020-12-28T00:00:00.000
Suroeste,Valparaíso,Intervenciones Urbanas Intregales,1,En ejecución,CI-629-2021,2021-12-01T00:00:00.000
Suroeste,Valparaíso,Mejoramiento de Vivienda,40,SGR - Ejecución,CI-747-2021,2021-11-10T00:00:00.000
Suroeste,Valparaíso,Mejoramiento de Vivienda Rural,79,En ejecución,CI-653-2021,2021-12-01T00:00:00.000
Suroeste,Valparaíso,Titulación y/o Legalización,0,En ejecución,MVCT-2020,2020-10-02T00:00:00.000
Suroeste,Urrao,Vivienda Nueva Rural,60,SGR - Formulación y estructuración,CI-518-2021,2021-11-10T00:00:00.000
Suroeste,Valparaíso,Vivienda Nueva Rural,40,SGR - Formulación y estructuración,CI-496-2021,2021-11-10T00:00:00.000
Suroeste,Valparaíso,Vivienda Nueva Urbana,10,En ejecución,CI-563-2021,2021-12-01T00:00:00.000
Suroeste,Valparaíso,Vivienda Nueva Urbana,70,Ejecutado,CI-391-2020,2020-12-31T00:00:00.000
Suroeste,Venecia,Antioquia se Pinta de Vida,1,Ejecutado,CI-209-2020,2020-10-07T00:00:00.000
Suroeste,Venecia,Capacitación Técnica y Social,1,Ejecutado,N/A,N/A
Suroeste,Venecia,Mejoramiento de Vivienda,72,En ejecución,CI-687-2021,2021-12-09T00:00:00.000
Suroeste,Venecia,Mejoramiento de Vivienda,40,SGR - Ejecución,CI-747-2021,2021-11-10T00:00:00.000
Suroeste,Venecia,Titulación y/o Legalización,12,Ejecutado,MVCT-977-2020,2020-09-30T00:00:00.000
Suroeste,Valparaíso,Vivienda Nueva Rural,17,SGR - Formulación y estructuración,CI-433-2021,2021-11-10T00:00:00.000
Suroeste,Venecia,Vivienda Nueva Urbana,60,En ejecución,CI-740-2021,2021-12-09T00:00:00.000
Suroeste,Venecia,Vivienda Nueva Urbana,100,N/A,N/A,N/A
Suroeste,Venecia,Vivienda Nueva Urbana,100,N/A,N/A,N/A
Suroeste,Venecia,Vivienda Nueva Rural,40,SGR - Formulación y estructuración,CI-496-2021,2021-11-10T00:00:00.000
Urabá,Apartadó,Antioquia se Pinta de Vida,1,Ejecutado,CI-157-2021,2021-04-08T00:00:00.000
Urabá,Apartadó,Capacitación Técnica y Social,1,Ejecutado,N/A,N/A
Urabá,Apartadó,Mejoramiento de Vivienda Rural,2,En ejecución,CA-348-2020,2020-12-31T00:00:00.000
Urabá,Apartadó,Mejoramiento de Vivienda Urbana,60,SGR - Ejecución,CI-743-2021,2021-11-26T00:00:00.000
Urabá,Apartadó,Mejoramiento de Vivienda Urbana,9,En ejecución,CA-349-2020,2020-12-31T00:00:00.000
Urabá,Apartadó,Titulación y/o Legalización,27,Ejecutado,N/A,N/A
Urabá,Apartadó,Vivienda Nueva Urbana,162,Ejecutado,CA-184-2020,2020-11-05T00:00:00.000
Urabá,Apartadó,Vivienda Nueva Urbana,144,En ejecución,CI-541-2021,2021-12-01T00:00:00.000
Urabá,Apartadó,Vivienda Nueva Urbana,256,En ejecución,CI-553-2021,2021-12-01T00:00:00.000
Urabá,Apartadó,Vivienda Nueva Urbana,5,En ejecución,CI-554-2021,2021-12-01T00:00:00.000
Urabá,Apartadó,Vivienda Nueva Urbana,240,En ejecución,CA-528-2021,2021-12-13T00:00:00.000
Urabá,Apartadó,Vivienda Nueva Urbana,32,En ejecución,CI-407-2020,2020-12-28T00:00:00.000
Urabá,Arboletes,Antioquia se Pinta de Vida,1,Ejecutado,CI-114-2021,2021-02-23T00:00:00.000
Urabá,Arboletes,Capacitación Técnica y Social,1,Ejecutado,N/A,N/A
Urabá,Arboletes,Intervenciones Urbanas Intregales,1,En ejecución,CI-511-2021,2021-09-27T00:00:00.000
Urabá,Arboletes,Mejoramiento de Vivienda Rural,50,SGR - Ejecución,CI-746-2021,2021-11-10T00:00:00.000
Urabá,Arboletes,Titulación y/o Legalización,295,Ejecutado,N/A,N/A
Urabá,Arboletes,Vivienda Nueva Urbana,176,En ejecución,CI-227-2021,2021-05-21T00:00:00.000
Urabá,Carepa,Antioquia se Pinta de Vida,1,En ejecución,CI-116-2022,2022-07-29T00:00:00.000
Urabá,Carepa,Capacitación Técnica y Social,1,Ejecutado,N/A,N/A
Urabá,Carepa,Espacio Público Efectivo,918,Ejecutado,CI-369-2020,2020-01-04T00:00:00.000
Urabá,Carepa,Mejoramiento de Vivienda,31,SGR - Ejecución,CI-743-2021,2021-11-26T00:00:00.000
Urabá,Carepa,Mejoramiento de Vivienda Rural,2,En ejecución,CA-348-2020,2020-12-31T00:00:00.000
Urabá,Carepa,Titulación y/o Legalización,4,Ejecutado,N/A,N/A
Urabá,Carepa,Vivienda Nueva Urbana,102,Ejecutado,CA-186-2020,2020-11-10T00:00:00.000
Urabá,Carepa,Vivienda Nueva Urbana,48,Ejecutado,CA-242-2020,2020-11-10T00:00:00.000
Urabá,Chigorodó,Antioquia se Pinta de Vida,1,Ejecutado,CI-162-2022,2021-04-07T00:00:00.000
Urabá,Chigorodó,Capacitación Técnica y Social,1,Ejecutado,N/A,N/A
Urabá,Chigorodó,Mejoramiento de Vivienda Rural,60,SGR - Ejecución,CI-756-2021,2021-11-26T00:00:00.000
Urabá,Chigorodó,Mejoramiento de Vivienda Urbana,5,En ejecución,CA-349-2020,2020-12-31T00:00:00.000
Urabá,Chigorodó,Titulación y/o Legalización,27,Ejecutado,MVCT-973-2020,2020-09-30T00:00:00.000
Urabá,Chigorodó,Vivienda Nueva Urbana,276,En ejecución,CA-625-2021,2021-12-01T00:00:00.000
Urabá,Chigorodó,Vivienda Nueva Urbana,23,Ejecutado,CA-185-2020,2020-11-03T00:00:00.000
Urabá,Murindó,Antioquia se Pinta de Vida,1,En ejecución,CI-157-2022,N/A
Urabá,Murindó,Mejoramiento de Vivienda Rural,90,SGR - Ejecución,CI-745-2021,2021-11-10T00:00:00.000
Urabá,Mutatá,Antioquia se Pinta de Vida,1,Ejecutado,CI-220-2021,2021-04-20T00:00:00.000
Urabá,Mutatá,Capacitación Técnica y Social,1,Ejecutado,N/A,N/A
Urabá,Mutatá,Mejoramiento de Vivienda,90,SGR - Ejecución,CI-756-2021,2021-11-26T00:00:00.000
Urabá,Mutatá,Titulación y/o Legalización,0,En ejecución,MVCT-857-2020,2020-09-30T00:00:00.000
Urabá,Necoclí,Antioquia se Pinta de Vida,1,En ejecución,CI-586-2021,2021-12-09T00:00:00.000
Urabá,Necoclí,Titulación y/o Legalización,0,En ejecución,MVCT-984-2020,2020-09-30T00:00:00.000
Urabá,Necoclí,Vivienda Nueva Rural,100,En ejecución,CI-408-2021,2021-07-22T00:00:00.000
Urabá,San Juan de Urabá,Antioquia se Pinta de Vida,1,En ejecución,CI-144-2022,2022-08-10T00:00:00.000
Urabá,San Juan de Urabá,Capacitación Técnica y Social,1,Ejecutado,N/A,N/A
Urabá,San Juan de Urabá,Mejoramiento de Vivienda,75,En ejecución,CI-712-2021,2021-12-01T00:00:00.000
Urabá,San Juan de Urabá,Mejoramiento de Vivienda Urbana,90,SGR - Ejecución,CI-746-2021,2021-11-10T00:00:00.000
Urabá,San Juan de Urabá,Titulación y/o Legalización,0,En ejecución,MVCT-1049-2020,2020-09-30T00:00:00.000
Urabá,San Juan de Urabá,Vivienda Nueva Rural,100,En ejecución,CI-409-2021,2021-07-21T00:00:00.000
Urabá,San Juan de Urabá,Vivienda Nueva Rural,40,En ejecución,CI-412-2020,2020-12-31T00:00:00.000
Urabá,San Pedro de Urabá,Antioquia se Pinta de Vida,1,En ejecución,CI-135-2022,2022-08-01T00:00:00.000
Urabá,San Pedro de Urabá,Capacitación Técnica y Social,1,Ejecutado,N/A,N/A
Urabá,San Pedro de Urabá,Espacio Público Efectivo,638,En ejecución,CI-628-2021,2021-12-01T00:00:00.000
Urabá,San Pedro de Urabá,Mejoramiento de Vivienda Rural,100,SGR - Ejecución,CI-748-2021,2021-11-12T00:00:00.000
Urabá,San Pedro de Urabá,Mejoramiento de Vivienda Urbana,55,En ejecución,CI-694-2021,2021-12-01T00:00:00.000
Urabá,San Pedro de Urabá,Vivienda Nueva Rural,100,N/A,N/A,N/A
Urabá,San Pedro de Urabá,Vivienda Nueva Urbana,120,En ejecución,CI-228-2021,2021-05-21T00:00:00.000
Urabá,Turbo,Antioquia se Pinta de Vida,1,Ejecutado,CI-219-2020,2020-10-28T00:00:00.000
Urabá,Turbo,Capacitación Técnica y Social,1,Ejecutado,N/A,N/A
Urabá,Turbo,Mejoramiento de Vivienda Rural,100,SGR - Ejecución,CI-748-2021,2021-11-12T00:00:00.000
Urabá,Turbo,Mejoramiento de Vivienda Urbana,83,En ejecución,CI-372-2020,2020-12-31T00:00:00.000
Urabá,Turbo,Mejoramiento de Vivienda Urbana,6,En ejecución,CA-349-2020,2020-12-31T00:00:00.000
Urabá,Turbo,Titulación y/o Legalización,565,Ejecutado,N/A,N/A
Urabá,Turbo,Vivienda Nueva Rural,50,N/A,N/A,N/A
Urabá,Turbo,Vivienda Nueva Urbana,256,En ejecución,CI-576-2021,2021-12-01T00:00:00.000
Urabá,Vigía del Fuerte,Antioquia se Pinta de Vida,1,Ejecutado,CI-525-2021,2021-11-09T00:00:00.000
Urabá,Vigía del Fuerte,Capacitación Técnica y Social,1,Ejecutado,N/A,N/A
Urabá,Vigía del Fuerte,Mejoramiento de Vivienda,150,SGR - Ejecución,CI-745-2021,2021-11-10T00:00:00.000
Urabá,Vigía del Fuerte,Titulación y/o Legalización,88,Ejecutado,MVCT-757-2021,2020-10-02T00:00:00.000
Urabá,Vigía del Fuerte,Vivienda Nueva Rural,145,En ejecución,CI-630-2021,N/A
